{
  "CNN (5-class)": {
    "lac_alpha_0.10": 0.8769326210021973,
    "aps_alpha_0.10": 0.9141475268015887,
    "lac_alpha_0.05": 0.9175963401794434,
    "aps_alpha_0.05": 0.9670665796414126
  },
  "ResNet50 (5-class)": {
    "lac_alpha_0.10": 0.8000782132148743,
    "aps_alpha_0.10": 0.8895393122574456,
    "lac_alpha_0.05": 0.9118884801864624,
    "aps_alpha_0.05": 0.9419084016866203
  }
}