{
  "n_models": 6,
  "splits": {
    "train": 2562,
    "val": 550,
    "test": 550
  },
  "conformal_summary": {
    "ResNet50|lac|cov=0.90": {
      "empirical_coverage": 0.9036363636363637,
      "mean_set_size": 0.9272727272727272,
      "abstain_rate": 0.0
    },
    "ResNet50|aps|cov=0.90": {
      "empirical_coverage": 0.8872727272727273,
      "mean_set_size": 0.96,
      "abstain_rate": 0.04363636363636364
    },
    "Xception|lac|cov=0.90": {
      "empirical_coverage": 0.9254545454545454,
      "mean_set_size": 0.9509090909090909,
      "abstain_rate": 0.0
    },
    "Xception|aps|cov=0.90": {
      "empirical_coverage": 0.8836363636363637,
      "mean_set_size": 0.9690909090909091,
      "abstain_rate": 0.05454545454545454
    },
    "DenseNet121|lac|cov=0.90": {
      "empirical_coverage": 0.8909090909090909,
      "mean_set_size": 0.9127272727272727,
      "abstain_rate": 0.0
    },
    "DenseNet121|aps|cov=0.90": {
      "empirical_coverage": 0.8836363636363637,
      "mean_set_size": 0.9709090909090909,
      "abstain_rate": 0.06
    },
    "VGG16|lac|cov=0.90": {
      "empirical_coverage": 0.9127272727272727,
      "mean_set_size": 0.9309090909090909,
      "abstain_rate": 0.0
    },
    "VGG16|aps|cov=0.90": {
      "empirical_coverage": 0.8927272727272727,
      "mean_set_size": 0.9618181818181818,
      "abstain_rate": 0.04363636363636364
    },
    "CNN|lac|cov=0.90": {
      "empirical_coverage": 0.9181818181818182,
      "mean_set_size": 0.9490909090909091,
      "abstain_rate": 0.0
    },
    "CNN|aps|cov=0.90": {
      "empirical_coverage": 0.8909090909090909,
      "mean_set_size": 0.9781818181818182,
      "abstain_rate": 0.056363636363636366
    },
    "CNN (Tanh+ReLU)|lac|cov=0.90": {
      "empirical_coverage": 0.9072727272727272,
      "mean_set_size": 0.9581818181818181,
      "abstain_rate": 0.0
    },
    "CNN (Tanh+ReLU)|aps|cov=0.90": {
      "empirical_coverage": 0.9054545454545454,
      "mean_set_size": 1.049090909090909,
      "abstain_rate": 0.09636363636363636
    },
    "ENSEMBLE|lac|cov=0.90": {
      "empirical_coverage": 0.9054545454545454,
      "mean_set_size": 0.9254545454545454,
      "abstain_rate": 0.0
    },
    "ENSEMBLE|aps|cov=0.90": {
      "empirical_coverage": 0.8727272727272727,
      "mean_set_size": 0.9509090909090909,
      "abstain_rate": 0.05454545454545454
    },
    "ResNet50|lac|cov=0.95": {
      "empirical_coverage": 0.9472727272727273,
      "mean_set_size": 0.9890909090909091,
      "abstain_rate": 0.0
    },
    "ResNet50|aps|cov=0.95": {
      "empirical_coverage": 0.9563636363636364,
      "mean_set_size": 1.0836363636363637,
      "abstain_rate": 0.10909090909090909
    },
    "Xception|lac|cov=0.95": {
      "empirical_coverage": 0.9563636363636364,
      "mean_set_size": 1.0,
      "abstain_rate": 0.0
    },
    "Xception|aps|cov=0.95": {
      "empirical_coverage": 0.9509090909090909,
      "mean_set_size": 1.0945454545454545,
      "abstain_rate": 0.12545454545454546
    },
    "DenseNet121|lac|cov=0.95": {
      "empirical_coverage": 0.9472727272727273,
      "mean_set_size": 0.9890909090909091,
      "abstain_rate": 0.0
    },
    "DenseNet121|aps|cov=0.95": {
      "empirical_coverage": 0.9454545454545454,
      "mean_set_size": 1.0727272727272728,
      "abstain_rate": 0.10727272727272727
    },
    "VGG16|lac|cov=0.95": {
      "empirical_coverage": 0.9490909090909091,
      "mean_set_size": 0.9818181818181818,
      "abstain_rate": 0.0
    },
    "VGG16|aps|cov=0.95": {
      "empirical_coverage": 0.9563636363636364,
      "mean_set_size": 1.0672727272727274,
      "abstain_rate": 0.09636363636363636
    },
    "CNN|lac|cov=0.95": {
      "empirical_coverage": 0.96,
      "mean_set_size": 1.0,
      "abstain_rate": 0.0
    },
    "CNN|aps|cov=0.95": {
      "empirical_coverage": 0.9454545454545454,
      "mean_set_size": 1.089090909090909,
      "abstain_rate": 0.11818181818181818
    },
    "CNN (Tanh+ReLU)|lac|cov=0.95": {
      "empirical_coverage": 0.9545454545454546,
      "mean_set_size": 1.0745454545454545,
      "abstain_rate": 0.07454545454545454
    },
    "CNN (Tanh+ReLU)|aps|cov=0.95": {
      "empirical_coverage": 0.9472727272727273,
      "mean_set_size": 1.2054545454545456,
      "abstain_rate": 0.22181818181818183
    },
    "ENSEMBLE|lac|cov=0.95": {
      "empirical_coverage": 0.9527272727272728,
      "mean_set_size": 0.9745454545454545,
      "abstain_rate": 0.0
    },
    "ENSEMBLE|aps|cov=0.95": {
      "empirical_coverage": 0.9563636363636364,
      "mean_set_size": 1.0963636363636364,
      "abstain_rate": 0.12181818181818181
    }
  },
  "ood": {
    "MSP": {
      "auroc_id_vs_ood": 0.5891696969696969,
      "fpr_at_tpr95": 0.2963636363636364
    },
    "Energy": {
      "auroc_id_vs_ood": 0.7864909090909091,
      "fpr_at_tpr95": 0.14
    },
    "Mahalanobis": {
      "auroc_id_vs_ood": 1.0,
      "fpr_at_tpr95": 0.0
    },
    "CosineCentroid": {
      "auroc_id_vs_ood": 1.0,
      "fpr_at_tpr95": 0.0
    }
  }
}